{"cameraMode":{"drawMode":0,"name":"Shaded","section":"Shading Mode"},"sceneLighting":false,"audioPlay":false,"sceneViewState":{"showFog":true,"showMaterialUpdate":false,"showSkybox":false,"showFlares":true,"showImageEffects":true,"showParticleSystems":true},"in2DMode":false,"pivot":{"x":165.23472595214845,"y":312.63201904296877,"z":9.170158386230469},"rotation":{"x":-0.15567313134670258,"y":0.003553344402462244,"z":-0.0005597902345471084,"w":-0.9878033995628357},"size":94.33981323242188,"orthographic":false}